text,label,source_file,disk_type,capacity,drive_count,ports,protocol,speed,form_factor,mode,cable_type,length,fiber,slots,interface,connector
AFF A90 Model,שרת אחסון,tyvrym-1.xlsx,,,,,,,,,,,,,,
AFF A90 HA System,שרת אחסון,tyvrym-1.xlsx,,,,,,,,,,,,,,
AFF A90 System Serial Attached,אחר,tyvrym-1.xlsx,,,,,,,,,,,,,,
"SW,ONTAP One Package,Encryption,-C",רישוי ותמיכה,tyvrym-1.xlsx,,,,,,,,,,,,,,
"AFF A90 HA System,-C",שרת אחסון,tyvrym-1.xlsx,,,,,,,,,,,,,,
"SW,ONTAP9.17,Data at Rest Encrypt Capable",רישוי ותמיכה,tyvrym-1.xlsx,,,,,,,,,,,,,,
"Drive Pack 2X15.3TB,NVMe4,SED,-C",דיסק,tyvrym-1.xlsx,NVMe,15.3TB,2,,,,,,,,,,,
"SW,ONTAP One Package,Per TB,Flash,A90,-C",רישוי ותמיכה,tyvrym-1.xlsx,,,,,,,,,,,,,,
"SW,ONTAP,Per TB,Flash,Capacity,Pricing,A90",רישוי ותמיכה,tyvrym-1.xlsx,,,,,,,,,,,,,,
"SW,OTHER,OO,Per TB,Flash,Cap Pricing,A90",רישוי ותמיכה,tyvrym-1.xlsx,,,,,,,,,,,,,,
"IO Module,2PT,100GbE,B,-C",כרטיסיה,tyvrym-1.xlsx,,,,2 ports,ETH,100G,,,,,,,,
"IO Module,4PT,FC,Target,w/SFP,-C",כרטיסיה,tyvrym-1.xlsx,,,,4 ports,FC,,,,,,,,,
"QSFP28,100GbE,SR,-C",ג'יביק,tyvrym-1.xlsx,,,,,ETH,100G,QSFP28,MMF,,,,,,
"Cable,Cntlr-Switch OM4,MPO/MPO,5m,-C",כבל,tyvrym-1.xlsx,,,,,,,,,MPO-MPO,5m,OM4/MMF,,,
"Cable,100GbE,QSFP28-QSFP28,Cu,0.5m,-C",כבל,tyvrym-1.xlsx,,,,,,100G,,,QSFP-QSFP,0.5m,,,,
"Cable,LC-LC,OM4,5m,-C",כבל,tyvrym-1.xlsx,,,,,,,,,LC-LC,5m,OM4/MMF,,,
"Rail Kit,4-Post,Rnd/Sq-Hole,Adj,24-32,-C",ציוד נלווה,tyvrym-1.xlsx,,,,,,,,,,,,,,
"Jumper Crd,In-Cab,C13-C14,-C",כבל,tyvrym-1.xlsx,,,,,,,,,Power,,,,,
"Blanking Panel,IO Module",ציוד נלווה,tyvrym-1.xlsx,,,,,,,,,,,,,,
"Power Supply,2000W Titanium,-C",ציוד נלווה,tyvrym-1.xlsx,,,,,,,,,,,,,,
Data at Rest Encryption Capable Operating Sys,רישוי ותמיכה,tyvrym-1.xlsx,,,,,,,,,,,,,,
Platform Personality DNA,רישוי ותמיכה,tyvrym-1.xlsx,,,,,,,,,,,,,,
"BLANK,DSK DRV FILLER,NS224,-C",מדף דיסקים,tyvrym-1.xlsx,,,,,,,,,,,,24 slots,,
"Software,ONTAP One",רישוי ותמיכה,tyvrym-1.xlsx,,,,,,,,,,,,,,
S3 SnapMirror SW,רישוי ותמיכה,tyvrym-1.xlsx,,,,,,,,,,,,,,
"Software,SnapMirror Cloud,ONTAP One",רישוי ותמיכה,tyvrym-1.xlsx,,,,,,,,,,,,,,
Snapmirror Cloud SW,רישוי ותמיכה,tyvrym-1.xlsx,,,,,,,,,,,,,,
FAS90 Model,שרת אחסון,tyvrym-1.xlsx,,,,,,,,,,,,,,
FAS90 HA System,שרת אחסון,tyvrym-1.xlsx,,,,,,,,,,,,,,
FAS90 System Serial Attached,אחר,tyvrym-1.xlsx,,,,,,,,,,,,,,
"SW,ONTAP One Package,Encryption,-C",רישוי ותמיכה,tyvrym-1.xlsx,,,,,,,,,,,,,,
"FAS90 HA System,-C",שרת אחסון,tyvrym-1.xlsx,,,,,,,,,,,,,,
"Flash Cache,4.0TB,NVMe SSD Module,Gen4,-C",דיסק,tyvrym-1.xlsx,NVMe,4.0TB,,,,,,,,,,,,
"SW,ONTAP9.17,Data at Rest Encrypt Capable",רישוי ותמיכה,tyvrym-1.xlsx,,,,,,,,,,,,,,
"Disk Shelf,4U60,12G,Empty,DS460C,-C",מדף דיסקים,tyvrym-1.xlsx,,,,,,,,,,,,60 slots,12G SAS,
"Drive Pack,HDD,12G,10x22TB,DS460C,-C",דיסק,tyvrym-1.xlsx,HDD,22TB,10,,,,,,,,,,,
"SW,ONTAP One Package,Per TB,NLSAS,FAS90,-C",רישוי ותמיכה,tyvrym-1.xlsx,,,,,,,,,,,,,,
"SW,ONTAP,Per TB,NLSAS,Cap Pricing,FAS90",רישוי ותמיכה,tyvrym-1.xlsx,,,,,,,,,,,,,,
"SW,OTHER,OO,Per TB,NLSAS,Cap Pricing,FAS90",רישוי ותמיכה,tyvrym-1.xlsx,,,,,,,,,,,,,,
"IO Module,2PT,100GbE,B,-C",כרטיסיה,tyvrym-1.xlsx,,,,2 ports,ETH,100G,,,,,,,,
"IO Module,4PT,10/25GbE,-C",כרטיסיה,tyvrym-1.xlsx,,,,4 ports,ETH,25G,,,,,,,,
"IO Module,4-PT miniSAS,-C",כרטיסיה,tyvrym-1.xlsx,,,,4 ports,,,,,,,,,,
"Cable,12Gb,Mini SAS HD,2m,-C",כבל,tyvrym-1.xlsx,,,,,,12G,,,MiniSAS,2m,,,,
"Cable,Cntlr-Switch OM4,MPO/MPO,5m,-C",כבל,tyvrym-1.xlsx,,,,,,,,,MPO-MPO,5m,OM4/MMF,,,
"Cable,100GbE,QSFP28-QSFP28,Cu,0.5m,-C",כבל,tyvrym-1.xlsx,,,,,,100G,,,QSFP-QSFP,0.5m,,,,
"Cable,LC-LC,OM4,5m,-C",כבל,tyvrym-1.xlsx,,,,,,,,,LC-LC,5m,OM4/MMF,,,
"SFP28,25GbE,SR,-C",ג'יביק,tyvrym-1.xlsx,,,,,ETH,25G,SFP28,MMF,,,,,,
"QSFP28,100GbE,SR,-C",ג'יביק,tyvrym-1.xlsx,,,,,ETH,100G,QSFP28,MMF,,,,,,
"Rail Kit,4-Post,Rnd/Sq-Hole,Adj,24-32,-C",ציוד נלווה,tyvrym-1.xlsx,,,,,,,,,,,,,,
"Jumper Crd,In-Cab,C13-C14,-C",כבל,tyvrym-1.xlsx,,,,,,,,,Power,,,,,
"Power Supply,2000W Titanium,-C",ציוד נלווה,tyvrym-1.xlsx,,,,,,,,,,,,,,
"Blanking Panel,IO Module",ציוד נלווה,tyvrym-1.xlsx,,,,,,,,,,,,,,
Data at Rest Encryption Capable Operating Sys,רישוי ותמיכה,tyvrym-1.xlsx,,,,,,,,,,,,,,
"Software,ONTAP One",רישוי ותמיכה,tyvrym-1.xlsx,,,,,,,,,,,,,,
S3 SnapMirror SW,רישוי ותמיכה,tyvrym-1.xlsx,,,,,,,,,,,,,,
"Software,SnapMirror Cloud,ONTAP One",רישוי ותמיכה,tyvrym-1.xlsx,,,,,,,,,,,,,,
Snapmirror Cloud SW,רישוי ותמיכה,tyvrym-1.xlsx,,,,,,,,,,,,,,
"Storage Shelf,DS460C,Model,AD,-C",מדף דיסקים,tyvrym-1.xlsx,,,,,,,,,,,,60 slots,,
"Disk Shelf,4U60,12G,Empty,AD,-C",מדף דיסקים,tyvrym-1.xlsx,,,,,,,,,,,,60 slots,12G SAS,
"Drive Pack,HDD,12G,10x22TB,DS460C,AD,-C",דיסק,tyvrym-1.xlsx,HDD,22TB,10,,,,,,,,,,,
"Cable,12Gb,Mini SAS HD,2m,-C",כבל,tyvrym-1.xlsx,,,,,,12G,,,MiniSAS,2m,,,,
"Storage Capacity,Per 0.1TB,Increments",רישוי ותמיכה,tyvrym-1.xlsx,,,,,,,,,,,,,,
"Rail Kit,4-Post,Rnd/Sq-Hole,Adj,24-32,-C",ציוד נלווה,tyvrym-1.xlsx,,,,,,,,,,,,,,
"SW,ONTAP One Pkg,Per-0.1TB,NLSAS,AddOn,F03,-C",רישוי ותמיכה,tyvrym-1.xlsx,,,,,,,,,,,,,,
"SW,ONTAP,Per-0.1TB,NLSAS,Cap,Add-On,F03",רישוי ותמיכה,tyvrym-1.xlsx,,,,,,,,,,,,,,
"SW,OTHER,OO,Per-0.1TB,NLSAS,Cap,Add-On,F03",רישוי ותמיכה,tyvrym-1.xlsx,,,,,,,,,,,,,,
"Switch,NetApp,Cluster,SAN,Storage,24-Node",מתג,tyvrym-1.xlsx,,,,24 ports,FC,,,,,,,,,
"Cluster Switch,N9336C 36Pt PTSX10/25/40/100G",מתג,tyvrym-1.xlsx,,,,36 ports,ETH,10G/100G,,,,,,,,
"HW SUPP 9336,X190200/X190210,24X7X4OS",אחר,tyvrym-1.xlsx,,,,,,,,,,,,,,
Cisco Switch Service Contract,מתג,tyvrym-1.xlsx,,,,,,,,,,,,,,
"Entitlement,Cisco Switch NOW Site",מתג,tyvrym-1.xlsx,,,,,,,,,,,,,,
"Jumper Crd,In-Cab,48-IN,C13-C14",כבל,tyvrym-1.xlsx,,,,,,,,,Power,,,,,
"IO Module,4PT,FC,Target,w/SFP",כרטיסיה,tyvrym-1.xlsx,,,,4 ports,FC,,,,,,,,,
"IO Module,4P,64Gb FC,Target-Init,w/32Gb SFP",כרטיסיה,tyvrym-1.xlsx,,,,,FC,32G/64G,,,,,,,,
"AFF A30,Model",אחר,tyvrym-1.xlsx,,,,,,,,,,,,,,
AFF A30 HA System,שרת אחסון,tyvrym-1.xlsx,,,,,,,,,,,,,,
AFF A30 System Serial Attached,אחר,tyvrym-1.xlsx,,,,,,,,,,,,,,
"SW,ONTAP Base Package,Encryption,-C",רישוי ותמיכה,tyvrym-1.xlsx,,,,,,,,,,,,,,
"AFF A30 HA System,-C",שרת אחסון,tyvrym-1.xlsx,,,,,,,,,,,,,,
"SW,ONTAP DSR,IPA,Data at Rest Encrypt Capable",רישוי ותמיכה,tyvrym-1.xlsx,,,,,,,,,,,,,,
"NVMe SHLF,2U24,Empty,NSM100B,-C",מדף דיסקים,tyvrym-1.xlsx,NVMe,,,,,,,,,,,24 slots,NVMe,
"Drive Pack 2X15.3TB,NVMe4,SED,-C",דיסק,tyvrym-1.xlsx,NVMe,15.3TB,2,,,,,,,,,,,
"SW,ONTAP Base Package,Per TB,Flash,A30,-C",רישוי ותמיכה,tyvrym-1.xlsx,,,,,,,,,,,,,,
"SW,ONTAP,Per TB,Flash,Cap Pricing,A30",רישוי ותמיכה,tyvrym-1.xlsx,,,,,,,,,,,,,,
"SW,OTHER,OB,Per TB,Flash,Cap Pricing,A30",רישוי ותמיכה,tyvrym-1.xlsx,,,,,,,,,,,,,,
"Cable,100GbE,QSFP28-QSFP28,Cu,2m,-C",כבל,tyvrym-1.xlsx,,,,,,100G,,,QSFP-QSFP,2m,,,,
"SFP28,25GbE,SR,-C",ג'יביק,tyvrym-1.xlsx,,,,,ETH,25G,SFP28,MMF,,,,,,
"Rail,4-Post,Thin,Rnd/Sq-Hole,Sm,Adj,24-32,-C",ציוד נלווה,tyvrym-1.xlsx,,,,,,,,,,,,,,
"Power Supply,1600W,Titanium,-C",ציוד נלווה,tyvrym-1.xlsx,,,,,,,,,,,,,,
Data at Rest Encryption Capable Operating Sys,רישוי ותמיכה,tyvrym-1.xlsx,,,,,,,,,,,,,,
Platform Personality DNA,רישוי ותמיכה,tyvrym-1.xlsx,,,,,,,,,,,,,,
"IO Module,2PT,100GbE,-C",כרטיסיה,tyvrym-1.xlsx,,,,2 ports,ETH,100G,,,,,,,,
"IO Module,4PT,10/25GbE,-C",כרטיסיה,tyvrym-1.xlsx,,,,4 ports,ETH,25G,,,,,,,,
"Cable,100GbE,QSFP28-QSFP28,Cu,0.5m,-C",כבל,tyvrym-1.xlsx,,,,,,100G,,,QSFP-QSFP,0.5m,,,,
"Cable,LC-LC,OM4,5m,-C",כבל,tyvrym-1.xlsx,,,,,,,,,LC-LC,5m,OM4/MMF,,,
"Jumper Crd,In-Cab,C13-C14,-C",כבל,tyvrym-1.xlsx,,,,,,,,,Power,,,,,
"IO Module,4-PT miniSAS",כרטיסיה,tyvrym-1.xlsx,,,,4 ports,,,,,,,,,,
"SW,StorageGRID Webscale Software,Upgr",רישוי ותמיכה,tyvrym-1.xlsx,,,,,,,,,,,,,,
"SW,StorageGRID,Webscale,Incremental",רישוי ותמיכה,tyvrym-1.xlsx,,,,,,,,,,,,,,
PowerScale F710,שרת אחסון,tyvrym-2.xlsx,,,,,,,,,,,,,,
PowerScale F710,שרת אחסון,tyvrym-2.xlsx,,,,,,,,,,,,,,
"F710 2.5"" HDD Drive Carrier",דיסק,tyvrym-2.xlsx,HDD,,,,,,,,,,,,,
154TB (15.36TB x 10) QLC ISE NVMe SSD,דיסק,tyvrym-2.xlsx,NVMe,154TB,,,,,,,,,,,,
PowerScale F710 SDPM,אחר,tyvrym-2.xlsx,,,,,,,,,,,,,,
FE 2x100GbE w/o Optics - F710,כרטיסיה,tyvrym-2.xlsx,,,,2,ETH,100G,,,,,,,,
BE 2x100GbE w/o Optics - F710,כרטיסיה,tyvrym-2.xlsx,,,,2,ETH,100G,,,,,,,,
F710 SPM1,אחר,tyvrym-2.xlsx,,,,,,,,,,,,,,
2.6 GHz Processor x2,אחר,tyvrym-2.xlsx,,,,,,,,,,,,,,
512GB 5600 MT/s DIMM Memory,ציוד נלווה,tyvrym-2.xlsx,,,,,,,,,,,,,,
PowerScale F710 Memory Components,אחר,tyvrym-2.xlsx,,,,,,,,,,,,,,
PowerScale F710 Bezel,ציוד נלווה,tyvrym-2.xlsx,,,,,,,,,,,,,,
Rack Rails with CMA (A16),ציוד נלווה,tyvrym-2.xlsx,,,,,,,,,,,,,,
Dual PSU 1400W RDNT,ציוד נלווה,tyvrym-2.xlsx,,,,,,,,,,,,,,
C13/C14 US (2M) x2,כבל,tyvrym-2.xlsx,,,,,,,,,Power,2m,,,,
Secure Component Validation License,רישוי ותמיכה,tyvrym-2.xlsx,,,,,,,,,,,,,,
CSV TRIG License,רישוי ותמיכה,tyvrym-2.xlsx,,,,,,,,,,,,,,
Secure Enterprise Key Management License,רישוי ותמיכה,tyvrym-2.xlsx,,,,,,,,,,,,,,
"IDRAC, 16G, Enterprise License",רישוי ותמיכה,tyvrym-2.xlsx,,,,,,,,,,,,,,
F710 Node Hardware,שרת אחסון,tyvrym-2.xlsx,,,,,,,,,,,,,,
F710 Node Hardware Cont,שרת אחסון,tyvrym-2.xlsx,,,,,,,,,,,,,,
Motherboard - DAO Only,ציוד נלווה,tyvrym-2.xlsx,,,,,,,,,,,,,,
Production Factory Install - F710,ציוד נלווה,tyvrym-2.xlsx,,,,,,,,,,,,,,
Trusted Module Platform,אחר,tyvrym-2.xlsx,,,,,,,,,,,,,,
IDRAC Random Password,אחר,tyvrym-2.xlsx,,,,,,,,,,,,,,
PowerScale F710 Shipping,ציוד נלווה,tyvrym-2.xlsx,,,,,,,,,,,,,,
Info F710 ISG Product,ציוד נלווה,tyvrym-2.xlsx,,,,,,,,,,,,,,
Parts Only Warranty 36 Months,רישוי ותמיכה,tyvrym-2.xlsx,,,,,,,,,,,,,,
"Prosupport Plus and 4Hr Mission Critical Extension, 24 Month(s)",רישוי ותמיכה,tyvrym-2.xlsx,,,,,,,,,,,,,,
"Prosupport Plus and 4Hr Mission Critical Initial, 36 Month(s)",רישוי ותמיכה,tyvrym-2.xlsx,,,,,,,,,,,,,,
"Keep Your Component For Enterprise, 60 Month(s)",אחר,tyvrym-2.xlsx,,,,,,,,,,,,,,
"Same Business Day Onsite Diagnosis Service, 60 Month(s)",אחר,tyvrym-2.xlsx,,,,,,,,,,,,,,
No Field Deployment,אחר,tyvrym-2.xlsx,,,,,,,,,,,,,,
PowerScale Virtual Base - VP,רישוי ותמיכה,tyvrym-2.xlsx,,,,,,,,,,,,,,
SmartQuotas Base License Bundle=ID,רישוי ותמיכה,tyvrym-2.xlsx,,,,,,,,,,,,,,
Enterprise Advanced Bundle F710=ID,רישוי ותמיכה,tyvrym-2.xlsx,,,,,,,,,,,,,,
SnapShotIQ Base License Bundle=ID,רישוי ותמיכה,tyvrym-2.xlsx,,,,,,,,,,,,,,
SmartConnect Base License Bundle=ID,רישוי ותמיכה,tyvrym-2.xlsx,,,,,,,,,,,,,,
SyncIQ Base License Bundle=ID,רישוי ותמיכה,tyvrym-2.xlsx,,,,,,,,,,,,,,
SmartPools Base License Bundle=ID,רישוי ותמיכה,tyvrym-2.xlsx,,,,,,,,,,,,,,
SmartPools Capacity License Bundle=CB,רישוי ותמיכה,tyvrym-2.xlsx,,,,,,,,,,,,,,
SmartConnect Capacity License Bundle=CB,רישוי ותמיכה,tyvrym-2.xlsx,,,,,,,,,,,,,,
Enterprise Advanced Bundle Capacity F710=CB,רישוי ותמיכה,tyvrym-2.xlsx,,,,,,,,,,,,,,
SnapShotIQ Capacity License Bundle=CB,רישוי ותמיכה,tyvrym-2.xlsx,,,,,,,,,,,,,,
SmartQuotas Capacity License Bundle=CB,רישוי ותמיכה,tyvrym-2.xlsx,,,,,,,,,,,,,,
SyncIQ Capacity License Bundle=CB,רישוי ותמיכה,tyvrym-2.xlsx,,,,,,,,,,,,,,
SmartDedupe Base License F710=ID,רישוי ותמיכה,tyvrym-2.xlsx,,,,,,,,,,,,,,
SmartDedupe Capacity License F710=CB,רישוי ותמיכה,tyvrym-2.xlsx,,,,,,,,,,,,,,
HDFS for OneFS ($0.00),רישוי ותמיכה,tyvrym-2.xlsx,,,,,,,,,,,,,,
"ProSupport Plus Additional Software Support-Maintenance, 60 Month(s)",רישוי ותמיכה,tyvrym-2.xlsx,,,,,,,,,,,,,,
PowerScale Virtual Base - VP,רישוי ותמיכה,tyvrym-2.xlsx,,,,,,,,,,,,,,
OneFS Base License F710 154-614TB=ID,רישוי ותמיכה,tyvrym-2.xlsx,,,,,,,,,,,,,,
OneFS Capacity License F710=CB,רישוי ותמיכה,tyvrym-2.xlsx,,,,,,,,,,,,,,
"ProSupport Plus OneFS All-Flash Software Support-Maintenance, 60 Month(s)",רישוי ותמיכה,tyvrym-2.xlsx,,,,,,,,,,,,,,
PowerScale Accessories Base,ציוד נלווה,tyvrym-2.xlsx,,,,,,,,,,,,,,
"MPO Type B Crossover Cable, Multi Mode Fiber OM4, 3 Meter",כבל,tyvrym-2.xlsx,,,,,,,,,MPO-MPO,,OM4/MMF,,,
"MPO Type B Crossover Cable, Multi Mode Fiber OM4, 5 Meter",כבל,tyvrym-2.xlsx,,,,,,,,,MPO-MPO,,OM4/MMF,,,
"MPO Type B Crossover Cable, Multi Mode Fiber OM4, 10 Meter",כבל,tyvrym-2.xlsx,,,,,,,,,MPO-MPO,,OM4/MMF,,,
"Node Side, Dell EMC PowerEdge 100GbE QSFP28 SR4  85C Optic",ג'יביק,tyvrym-2.xlsx,,,,,ETH,100G,QSFP28,,,,,,,
"Switch Side, Transceiver, 100GbE QSFP28 SR4, No FEC Capable, MPO, MMF",מתג,tyvrym-2.xlsx,,,,,ETH,100G,,,,,,,,
PowerScale A3100,שרת אחסון,tyvrym-2.xlsx,,,,,,,,,,,,,,
A3100 L3 ISE Node,שרת אחסון,tyvrym-2.xlsx,,,,,,,,,,,,,,
ISE 400TB (20x20TB),מדף דיסקים,tyvrym-2.xlsx,,,,,,,,,,,,,,
ISE 800GB SSD - A310/0,דיסק,tyvrym-2.xlsx,SSD,800GB,,,,,,,,,,,,
2x25GbE (SFP28) W/O OPTICS,כרטיסיה,tyvrym-2.xlsx,,,,2,ETH,25G,SFP28,,,,,,,
2x25GbE (SFP28) Back-end W/O OPTICS,כרטיסיה,tyvrym-2.xlsx,,,,2,ETH,25G,SFP28,,,,,,,
Transceivers/Optic/SFP+/SR/10GbE/2 GEN6,ג'יביק,tyvrym-2.xlsx,,,,,ETH,10G,SFP,MMF,,,,,,
Transceiver/Optic/SFP28/SR/25Gbe/Qty 2,ג'יביק,tyvrym-2.xlsx,,,,,ETH,25G,SFP28,MMF,,,,,,
Parts Only Warranty 36 Months,רישוי ותמיכה,tyvrym-2.xlsx,,,,,,,,,,,,,,
"Prosupport Plus and 4Hr Mission Critical Extension, 24 Month(s)",רישוי ותמיכה,tyvrym-2.xlsx,,,,,,,,,,,,,,
"Prosupport Plus and 4Hr Mission Critical Initial, 36 Month(s)",רישוי ותמיכה,tyvrym-2.xlsx,,,,,,,,,,,,,,
"Keep Your Component For Enterprise, 60 Month(s)",אחר,tyvrym-2.xlsx,,,,,,,,,,,,,,
"Same Business Day Onsite Diagnosis Service, 60 Month(s)",אחר,tyvrym-2.xlsx,,,,,,,,,,,,,,
Custom Field Deployment,אחר,tyvrym-2.xlsx,,,,,,,,,,,,,,
Base Chassis - Deep A31-Series,ציוד נלווה,tyvrym-2.xlsx,,,,,,,,,,,,,,
4U Bezel UDS,ציוד נלווה,tyvrym-2.xlsx,,,,,,,,,,,,,,
Parts Only Warranty 36 Months,רישוי ותמיכה,tyvrym-2.xlsx,,,,,,,,,,,,,,
"Prosupport Plus and 4Hr Mission Critical Extension, 24 Month(s)",רישוי ותמיכה,tyvrym-2.xlsx,,,,,,,,,,,,,,
"Prosupport Plus and 4Hr Mission Critical Initial, 36 Month(s)",רישוי ותמיכה,tyvrym-2.xlsx,,,,,,,,,,,,,,
PowerScale Hybrid Software - VP,אחר,tyvrym-2.xlsx,,,,,,,,,,,,,,
SmartQuotas Base License Bundle A310/A3100 L3 =ID,רישוי ותמיכה,tyvrym-2.xlsx,,,,,,,,,,,,,,
SyncIQ Base License Bundle A310/A3100 L3 =ID,רישוי ותמיכה,tyvrym-2.xlsx,,,,,,,,,,,,,,
SnapShotIQ Base License Bundle A310/A3100 L3 =ID,רישוי ותמיכה,tyvrym-2.xlsx,,,,,,,,,,,,,,
SmartPools Base License Bundle A310/A3100 L3 =ID,רישוי ותמיכה,tyvrym-2.xlsx,,,,,,,,,,,,,,
Enterprise Advanced Bundle A310/A3100 L3=ID,רישוי ותמיכה,tyvrym-2.xlsx,,,,,,,,,,,,,,
SmartQuotas Capacity License Bundle A3 Tier 3 L3=CB,רישוי ותמיכה,tyvrym-2.xlsx,,,,,,,,,,,,,,
SmartPools Capacity License Bundle A3 L3=CB,רישוי ותמיכה,tyvrym-2.xlsx,,,,,,,,,,,,,,
Enterprise Advanced Bundle Capacity A310/A3100 L3=CB,רישוי ותמיכה,tyvrym-2.xlsx,,,,,,,,,,,,,,
SyncIQ Capacity License Bundle A3 L3=CB,רישוי ותמיכה,tyvrym-2.xlsx,,,,,,,,,,,,,,
SnapShotIQ Capacity License Bundle A3 L3=CB,רישוי ותמיכה,tyvrym-2.xlsx,,,,,,,,,,,,,,
SmartDedupe Base License A310/A3100 L3=ID,רישוי ותמיכה,tyvrym-2.xlsx,,,,,,,,,,,,,,
SmartDedupe Capacity License A310/A3100 L3=CB,רישוי ותמיכה,tyvrym-2.xlsx,,,,,,,,,,,,,,
HDFS for OneFS ($0.00),רישוי ותמיכה,tyvrym-2.xlsx,,,,,,,,,,,,,,
"ProSupport Plus Additional Software Support-Maintenance, 60 Month(s)",רישוי ותמיכה,tyvrym-2.xlsx,,,,,,,,,,,,,,
PowerScale Hybrid Software - VP,אחר,tyvrym-2.xlsx,,,,,,,,,,,,,,
OneFS Base License A310/A3100 12-20TB L3=ID,רישוי ותמיכה,tyvrym-2.xlsx,,,,,,,,,,,,,,
OneFS Capacity A310/A3100 L3=CB,רישוי ותמיכה,tyvrym-2.xlsx,,,,,,,,,,,,,,
"ProSupport Plus OneFS Hybrid Software Support-Maintenance, 60 Month(s)",רישוי ותמיכה,tyvrym-2.xlsx,,,,,,,,,,,,,,
Accessories Virtual Base - VI,רישוי ותמיכה,tyvrym-2.xlsx,,,,,,,,,,,,,,
PWCRD KIT for Deep Chassis,ציוד נלווה,tyvrym-2.xlsx,,,,,,,,,,,,,,
100G to 25G Breakout (4)SFP28 to (1)Q28 DAC 3M,כבל,tyvrym-2.xlsx,,,,,,,,,Breakout,3m,,,,
CABLE 100G Q28 to 4x25G SFP28 DAC 5M,כבל,tyvrym-2.xlsx,,,,,,,,,Breakout,5m,,,,
Transceiver/Optic/SFP28/SR/25Gbe/Qty 2,ג'יביק,tyvrym-2.xlsx,,,,,ETH,25G,SFP28,MMF,,,,,,
ISG Product (info),ציוד נלווה,tyvrym-2.xlsx,,,,,,,,,,,,,,
PowerScale H7100,שרת אחסון,tyvrym-2.xlsx,,,,,,,,,,,,,,
H7100 ISE Node,שרת אחסון,tyvrym-2.xlsx,,,,,,,,,,,,,,
ISE 400TB (20x20TB),מדף דיסקים,tyvrym-2.xlsx,,,,,,,,,,,,,,
ISE 7.68TB SSD - A310/0 and H710/0,דיסק,tyvrym-2.xlsx,SSD,7.68TB,,,,,,,,,,,,
2x100GbE (QSFP28) W/O OPTICS,ג'יביק,tyvrym-2.xlsx,,,,,ETH,100G,QSFP28,,,,,,,
2x100GbE (QSFP28) Back-end W/O OPTICS,ג'יביק,tyvrym-2.xlsx,,,,,ETH,100G,QSFP28,,,,,,,
Transceivers/Optic/QSFP28/SR4/100GbE/Qty2,ג'יביק,tyvrym-2.xlsx,,,,,ETH,100G,QSFP28,,,,,,,
Parts Only Warranty 36 Months,רישוי ותמיכה,tyvrym-2.xlsx,,,,,,,,,,,,,,
"Prosupport Plus and 4Hr Mission Critical Extension, 24 Month(s)",רישוי ותמיכה,tyvrym-2.xlsx,,,,,,,,,,,,,,
"Prosupport Plus and 4Hr Mission Critical Initial, 36 Month(s)",רישוי ותמיכה,tyvrym-2.xlsx,,,,,,,,,,,,,,
"Keep Your Component For Enterprise, 60 Month(s)",אחר,tyvrym-2.xlsx,,,,,,,,,,,,,,
"Same Business Day Onsite Diagnosis Service, 60 Month(s)",אחר,tyvrym-2.xlsx,,,,,,,,,,,,,,
Custom Field Deployment,אחר,tyvrym-2.xlsx,,,,,,,,,,,,,,
Base Chassis - Deep H71-Series,ציוד נלווה,tyvrym-2.xlsx,,,,,,,,,,,,,,
4U Bezel UDS,ציוד נלווה,tyvrym-2.xlsx,,,,,,,,,,,,,,
Parts Only Warranty 36 Months,רישוי ותמיכה,tyvrym-2.xlsx,,,,,,,,,,,,,,
"Prosupport Plus and 4Hr Mission Critical Extension, 24 Month(s)",רישוי ותמיכה,tyvrym-2.xlsx,,,,,,,,,,,,,,
"Prosupport Plus and 4Hr Mission Critical Initial, 36 Month(s)",רישוי ותמיכה,tyvrym-2.xlsx,,,,,,,,,,,,,,
PowerScale Hybrid Software - VP,אחר,tyvrym-2.xlsx,,,,,,,,,,,,,,
SmartPools Base License Bundle H710/H7100 =ID,רישוי ותמיכה,tyvrym-2.xlsx,,,,,,,,,,,,,,
SyncIQ Base License Bundle H710/H7100 =ID,רישוי ותמיכה,tyvrym-2.xlsx,,,,,,,,,,,,,,
Enterprise Advanced Bundle H710/H7100=ID,רישוי ותמיכה,tyvrym-2.xlsx,,,,,,,,,,,,,,
SmartQuotas Base License Bundle H710/H7100 =ID,רישוי ותמיכה,tyvrym-2.xlsx,,,,,,,,,,,,,,
SnapShotIQ Base License Bundle H710/H7100 =ID,רישוי ותמיכה,tyvrym-2.xlsx,,,,,,,,,,,,,,
SmartQuotas Capacity License Bundle H7=CB,רישוי ותמיכה,tyvrym-2.xlsx,,,,,,,,,,,,,,
Enterprise Advanced Bundle Capacity H710/H7100=CB,רישוי ותמיכה,tyvrym-2.xlsx,,,,,,,,,,,,,,
SnapShotIQ Capacity License Bundle H7=CB,רישוי ותמיכה,tyvrym-2.xlsx,,,,,,,,,,,,,,
SmartPools Capacity License Bundle H7=CB,רישוי ותמיכה,tyvrym-2.xlsx,,,,,,,,,,,,,,
SyncIQ Capacity License Bundle H7=CB,רישוי ותמיכה,tyvrym-2.xlsx,,,,,,,,,,,,,,
SmartDedupe Base License H710/H7100=ID,רישוי ותמיכה,tyvrym-2.xlsx,,,,,,,,,,,,,,
SmartDedupe Capacity License H710/H7100=CB,רישוי ותמיכה,tyvrym-2.xlsx,,,,,,,,,,,,,,
HDFS for OneFS ($0.00),רישוי ותמיכה,tyvrym-2.xlsx,,,,,,,,,,,,,,
"ProSupport Plus Additional Software Support-Maintenance, 60 Month(s)",רישוי ותמיכה,tyvrym-2.xlsx,,,,,,,,,,,,,,
PowerScale Hybrid Software - VP,אחר,tyvrym-2.xlsx,,,,,,,,,,,,,,
OneFS Base License H710/H7100 12-20TB =ID,רישוי ותמיכה,tyvrym-2.xlsx,,,,,,,,,,,,,,
OneFS Capacity H710/H7100=CB,רישוי ותמיכה,tyvrym-2.xlsx,,,,,,,,,,,,,,
"ProSupport Plus OneFS Hybrid Software Support-Maintenance, 60 Month(s)",רישוי ותמיכה,tyvrym-2.xlsx,,,,,,,,,,,,,,
PowerScale Switches,אחר,tyvrym-2.xlsx,,,,,,,,,,,,,,
Z9264F Dell Networking Switch,מתג,tyvrym-2.xlsx,,,,64 ports,,,,,,,,,,
Z9264 Series User Guide,מתג,tyvrym-2.xlsx,,,,64 ports,,,,,,,,,,
Z9264 Install Kit,מתג,tyvrym-2.xlsx,,,,64 ports,,,,,,,,,,
"OS10 Enterprise Software, Z9264F",מתג,tyvrym-2.xlsx,,,,64 ports,,,,,,,,,,
Parts Only Warranty 36 Months,רישוי ותמיכה,tyvrym-2.xlsx,,,,,,,,,,,,,,
"Prosupport Plus and 4Hr Mission Critical Extension, 24 Month(s)",רישוי ותמיכה,tyvrym-2.xlsx,,,,,,,,,,,,,,
"Prosupport Plus and 4Hr Mission Critical Initial, 36 Month(s)",רישוי ותמיכה,tyvrym-2.xlsx,,,,,,,,,,,,,,
"Keep Your Component For Enterprise, 60 Month(s)",אחר,tyvrym-2.xlsx,,,,,,,,,,,,,,
"Same Business Day Onsite Diagnosis Service, 60 Month(s)",אחר,tyvrym-2.xlsx,,,,,,,,,,,,,,
Accessories Virtual Base - VI,רישוי ותמיכה,tyvrym-2.xlsx,,,,,,,,,,,,,,
PWCRD KIT for Deep Chassis,ציוד נלווה,tyvrym-2.xlsx,,,,,,,,,,,,,,
Node Filler with Deep Sleds,ציוד נלווה,tyvrym-2.xlsx,,,,,,,,,,,,,,
Node Filler with Deep Sleds,ציוד נלווה,tyvrym-2.xlsx,,,,,,,,,,,,,,
IB/100GbE/40GbE MPO to MPO - NO TRANSCEIVER 3M,ג'יביק,tyvrym-2.xlsx,,,,,ETH,40G/100G,,,,,,,,MPO
Transceivers/Optic/QSFP28/SR4/100GbE/Qty2,ג'יביק,tyvrym-2.xlsx,,,,,ETH,100G,QSFP28,,,,,,,
IB/100GbE/40GbE MPO to MPO - NO TRANSCEIVER 5M,ג'יביק,tyvrym-2.xlsx,,,,,ETH,40G/100G,,,,,,,,MPO
Transceivers/Optic/QSFP28/SR4/100GbE/Qty2,ג'יביק,tyvrym-2.xlsx,,,,,ETH,100G,QSFP28,,,,,,,
CABLE QSFP28 100Gb Active Optical 3M,כבל,tyvrym-2.xlsx,,,,,,100G,,,AOC,3m,,,,
CABLE QSFP28 100Gb Active Optical 7M,כבל,tyvrym-2.xlsx,,,,,,100G,,,AOC,7m,,,,
CABLE QSFP28 100Gb Active Optical 10M,כבל,tyvrym-2.xlsx,,,,,,100G,,,AOC,10m,,,,
CABLE QSFP28 100Gb Active Optical 30M,כבל,tyvrym-2.xlsx,,,,,,100G,,,AOC,30m,,,,
Transceivers/Optic/QSFP28/SR4/100GbE/Qty2,ג'יביק,tyvrym-2.xlsx,,,,,ETH,100G,QSFP28,,,,,,,
ISG Product (info),ציוד נלווה,tyvrym-2.xlsx,,,,,,,,,,,,,,
C2G-10ft Cat6a Snagless Shielded (STP) Network Patch Cable - Gray,כבל,tyvrym-2.xlsx,,,,,,,,,Ethernet Patch,10ft,,,,
C2G-10ft Cat6a Snagless Shielded (STP) Network Patch Cable - Gray,כבל,tyvrym-2.xlsx,,,,,,,,,Ethernet Patch,10ft,,,,
C2G-15ft Cat6a Snagless Shielded (STP) Network Patch Cable - Gray,כבל,tyvrym-2.xlsx,,,,,,,,,Ethernet Patch,15ft,,,,
C2G-15ft Cat6a Snagless Shielded (STP) Network Patch Cable - Gray,כבל,tyvrym-2.xlsx,,,,,,,,,Ethernet Patch,15ft,,,,
C2G-30ft Cat6a Snagless Shielded (STP) Network Patch Cable - Black,כבל,tyvrym-2.xlsx,,,,,,,,,Ethernet Patch,30ft,,,,
C2G-30ft Cat6a Snagless Shielded (STP) Network Patch Cable - Black,כבל,tyvrym-2.xlsx,,,,,,,,,Ethernet Patch,30ft,,,,
Line Number Part Number Smart Account Mandatory Description Service Duration (Months) Estimated Lead Time (Days) Unit List Price Pricing Term Qty Unit Net Price Disc(%) Extended Net Price Description,רישוי ותמיכה,tyvrym-3.xlsx,,,,,,,,,,,,,,
Group Name: Nexus Switches + Optics 217331.29,אחר,tyvrym-3.xlsx,,,,,,,,,,,,,,
"1.0 N9K-C9332D-GX2B - Nexus 9300 Series, 32p 400G Switch --- 35 74782.15 2 14956.43 80 29912.86 Nexus 9300 Series, 32p 400G Switch",מתג,tyvrym-3.xlsx,,,,32 ports,,400G,,,,,,,,
1.0.1 CON-L1SNB-N9KC9D3X - ENH 8X5XSNBDCX LEVEL 1 8X5XNBD Nexus 9300 Series 32 60 23184 2 0 100 0 ENH 8X5XSNBDCX LEVEL 1 8X5XNBD Nexus 9300 Series 32,מתג,tyvrym-3.xlsx,,,,32 ports,,,,,,,,,,
"1.2 NXK-ACC-KIT-1RU A Nexus 3K/9K Fixed Accessory Kit,  1RU front and rear removal --- 14 0 2 0 80 0 Nexus 3K/9K Fixed Accessory Kit,  1RU front and rear removal",מתג,tyvrym-3.xlsx,,,,,,,,,,,,,,
"1.3 QDD-400-CU1M - 400G Passive Cable, 1m --- 17 1036.48 2 207.3 80 414.6 400G Passive Cable, 1m",כבל,tyvrym-3.xlsx,,,,,,,,,Fiber,1m,,,,
"1.4 C1E1TN9300XF2-5Y Yes Data Center Networking Essentials Term N9300 XF2, 5Y --- 3 43114.8 2 8623.2 80 17246.4 Data Center Networking Essentials Term N9300 XF2, 5Y",מתג,tyvrym-3.xlsx,,,,,,,,,,,,,,
"1.5 SVS-L1N9KE-XF2-5Y Yes Cisco Support Enhanced for DCN Essentials Term N9300 XF2, 5Y --- 3 0 2 0 80 0 Cisco Support Enhanced for DCN Essentials Term N9300 XF2, 5Y",מתג,tyvrym-3.xlsx,,,,,,,,,,,,,,
1.6 DCN-ADOPT-BAS - Nexus(DCN) - Virtual adopt session http://cs.co/requestCSS --- 3 0 2 0 80 0 Nexus(DCN) - Virtual adopt session http://cs.co/requestCSS,מתג,tyvrym-3.xlsx,,,,,,,,,,,,,,
1.7 NXK-AF-PE - Dummy PID for Airflow Selection Port-side Exhaust --- 14 0 2 0 80 0 Dummy PID for Airflow Selection Port-side Exhaust,מתג,tyvrym-3.xlsx,,,,,,,,,,,,,,
"1.8 NXOS-CS-10.6.1F Yes Nexus 9300, 9500, 9800 NX-OS SW 10.6.1 (64bit) Cisco Silicon --- 21 0 2 0 80 0 Nexus 9300, 9500, 9800 NX-OS SW 10.6.1 (64bit) Cisco Silicon",מתג,tyvrym-3.xlsx,,,,,,,,,,,,,,
"1.9 NXA-SFAN-35CFM-PE - Nexus Fan, 35CFM, port side exhaust airflow /w EEPROM --- 14 0 12 0 80 0 Nexus Fan, 35CFM, port side exhaust airflow /w EEPROM",מתג,tyvrym-3.xlsx,,,,,,,,,,,,,,
1.10 NXA-PAC-1500W-PE - Nexus 1500W PSU port-side Exhaust --- 14 0 4 0 80 0 Nexus 1500W PSU port-side Exhaust,מתג,tyvrym-3.xlsx,,,,,,,,,,,,,,
"1.11 CAB-C15-CBN - Cabinet Jumper Power Cord, 250 VAC 13A, C14-C15 Connectors --- 7 0 4 0 80 0 Cabinet Jumper Power Cord, 250 VAC 13A, C14-C15 Connectors",כבל,tyvrym-3.xlsx,,,,,,,,,Power,,,,,
1.12 NXOS-SLP-INFO-9K - Info PID for Smart Licensing using Policy for N9K --- 21 0 2 0 80 0 Info PID for Smart Licensing using Policy for N9K,מתג,tyvrym-3.xlsx,,,,,,,,,,,,,,
"2.0 N9K-C9364D-GX2A - Nexus 9300 Series, 64p 400G Switch --- 14 155472.24 2 31094.45 80 62188.9 Nexus 9300 Series, 64p 400G Switch",מתג,tyvrym-3.xlsx,,,,64 ports,,400G,,,,,,,,
2.0.1 CON-L1SNB-N9K9364C - ENH 8X5XSNBDCX LEVEL 1 8X5XNBD Nexus 9300 Series 64 60 48202.25 2 0 100 0 ENH 8X5XSNBDCX LEVEL 1 8X5XNBD Nexus 9300 Series 64,מתג,tyvrym-3.xlsx,,,,64 ports,,,,,,,,,,
2.1 NXK-AF-PI - Dummy PID for Airflow Selection Port-side Intake --- 14 0 2 0 80 0 Dummy PID for Airflow Selection Port-side Intake,מתג,tyvrym-3.xlsx,,,,,,,,,,,,,,
"2.3 NXOS-CS-10.6.1F Yes Nexus 9300, 9500, 9800 NX-OS SW 10.6.1 (64bit) Cisco Silicon --- 21 0 2 0 80 0 Nexus 9300, 9500, 9800 NX-OS SW 10.6.1 (64bit) Cisco Silicon",מתג,tyvrym-3.xlsx,,,,,,,,,,,,,,
2.4 NO-ACC-KIT - No Accessory kit Chosen --- 14 0 2 0 80 0 No Accessory kit Chosen,ציוד נלווה,tyvrym-3.xlsx,,,,,,,,,,,,,,
"2.5 NXASFAN-160CFM2PI - Nexus Fan, 160CFM2, port side intake airflow /w EEPROM --- 14 0 8 0 80 0 Nexus Fan, 160CFM2, port side intake airflow /w EEPROM",ציוד נלווה,tyvrym-3.xlsx,,,,,,,,,,,,,,
2.6 MEM-UPG-OPT-OUT - OPT OUT PID FOR MEM UPGRADE USE ONLY --- 14 0 2 0 80 0 OPT OUT PID FOR MEM UPGRADE USE ONLY,ציוד נלווה,tyvrym-3.xlsx,,,,,,,,,,,,,,
"2.7 NXA-PAC-3200W-PI - Nexus 9000 3200W Power Supply, Port-side Intake --- 14 0 4 0 80 0 Nexus 9000 3200W Power Supply, Port-side Intake",מתג,tyvrym-3.xlsx,,,,,,,,,,,,,,
"2.8 CAB-C19-CBN - Cabinet Jumper Power Cord, 250 VAC 16A, C20-C19 Connectors --- 21 0 4 0 80 0 Cabinet Jumper Power Cord, 250 VAC 16A, C20-C19 Connectors",כבל,tyvrym-3.xlsx,,,,,,,,,Power,,,,,
"2.9 NXK-ACC-KIT2-2RU - Nexus 9K Fixed Accessory Kit, 2RU front and rear removal --- 14 0 2 0 80 0 Nexus 9K Fixed Accessory Kit, 2RU front and rear removal",מתג,tyvrym-3.xlsx,,,,,,,,,,,,,,
2.10 NXOS-SLP-INFO-9K - Info PID for Smart Licensing using Policy for N9K --- 21 0 2 0 80 0 Info PID for Smart Licensing using Policy for N9K,מתג,tyvrym-3.xlsx,,,,,,,,,,,,,,
2.11 NXA-ACC-QDD-DC - Nexus Dust Cover for QDD ports --- 14 0 2 0 80 0 Nexus Dust Cover for QDD ports,מתג,tyvrym-3.xlsx,,,,,,,,,,,,,,
"2.13 C1E1TN9300XF2-5Y Yes Data Center Networking Essentials Term N9300 XF2, 5Y --- 3 43114.8 2 8623.2 80 17246.4 Data Center Networking Essentials Term N9300 XF2, 5Y",מתג,tyvrym-3.xlsx,,,,,,,,,,,,,,
"2.14 SVS-L1N9KE-XF2-5Y Yes Cisco Support Enhanced for DCN Essentials Term N9300 XF2, 5Y --- 3 0 2 0 80 0 Cisco Support Enhanced for DCN Essentials Term N9300 XF2, 5Y",מתג,tyvrym-3.xlsx,,,,,,,,,,,,,,
3.0 N9K-C93108TC-FX3 - Nexus 9300 with 48p 100M/1/10GT & 6p 40/100G QSFP28+ --- 14 31094.45 1 6218.89 80 6218.89 Nexus 9300 with 48p 100M/1/10GT & 6p 40/100G QSFP28+,מתג,tyvrym-3.xlsx,,,,48 ports,ETH,100G,,,,,,,,
3.0.1 CON-L1SNB-N9KTCFX3 - ENH 8X5XSNBDCX LEVEL 1 8X5XNBD Nexus 9300 with 48p 1 60 9642.75 1 0 100 0 ENH 8X5XSNBDCX LEVEL 1 8X5XNBD Nexus 9300 with 48p 1,מתג,tyvrym-3.xlsx,,,,48 ports,,,,,,,,,,
3.1 NXK-AF-PI - Dummy PID for Airflow Selection Port-side Intake --- 14 0 1 0 80 0 Dummy PID for Airflow Selection Port-side Intake,מתג,tyvrym-3.xlsx,,,,,,,,,,,,,,
"3.3 NXOS-CS-10.6.1F Yes Nexus 9300, 9500, 9800 NX-OS SW 10.6.1 (64bit) Cisco Silicon --- 21 0 1 0 80 0 Nexus 9300, 9500, 9800 NX-OS SW 10.6.1 (64bit) Cisco Silicon",מתג,tyvrym-3.xlsx,,,,,,,,,,,,,,
"3.4 NXA-SFAN-35CFM-PI - Nexus Fan, 35CFM, port side intake airflow /w EEPROM --- 14 0 4 0 80 0 Nexus Fan, 35CFM, port side intake airflow /w EEPROM",מתג,tyvrym-3.xlsx,,,,,,,,,,,,,,
3.5 MEM-UPG-OPT-OUT - OPT OUT PID FOR MEM UPGRADE USE ONLY --- 14 0 1 0 80 0 OPT OUT PID FOR MEM UPGRADE USE ONLY,ציוד נלווה,tyvrym-3.xlsx,,,,,,,,,,,,,,
3.6 NXA-PAC-500W-PI - Nexus NEBs AC 500W PSU -  Port Side Intake --- 14 0 2 0 80 0 Nexus NEBs AC 500W PSU -  Port Side Intake,מתג,tyvrym-3.xlsx,,,,,,,,,,,,,,
"3.7 CAB-C13-C14-AC - Power cord, C13 to C14 (recessed receptacle), 10A --- 14 0 2 0 80 0 Power cord, C13 to C14 (recessed receptacle), 10A",כבל,tyvrym-3.xlsx,,,,,,,,,Power,,,,,
"3.8 NXK-ACC-KIT-1RU - Nexus 3K/9K Fixed Accessory Kit,  1RU front and rear removal --- 14 0 1 0 80 0 Nexus 3K/9K Fixed Accessory Kit,  1RU front and rear removal",מתג,tyvrym-3.xlsx,,,,,,,,,,,,,,
"3.9 QSFP-100G-AOC2M - 100GBASE QSFP Active Optical Cable, 2m --- 17 2433.79 2 486.76 80 973.52 100GBASE QSFP Active Optical Cable, 2m",כבל,tyvrym-3.xlsx,,,,,,100G,,,AOC,2m,,,,
3.10 NXOS-SLP-INFO-9K - Info PID for Smart Licensing using Policy for N9K --- 21 0 1 0 80 0 Info PID for Smart Licensing using Policy for N9K,מתג,tyvrym-3.xlsx,,,,,,,,,,,,,,
"3.12 C1E1TN9300XF-5Y Yes Data Center Networking Essentials Term N9300 XF, 5Y --- 3 25869.6 1 5173.8 80 5173.8 Data Center Networking Essentials Term N9300 XF, 5Y",מתג,tyvrym-3.xlsx,,,,,,,,,,,,,,
"3.13 SVS-L1N9KE-XF-5Y Yes Cisco Support Enhanced for DCN Essentials Term N9300 XF, 5Y --- 3 0 1 0 80 0 Cisco Support Enhanced for DCN Essentials Term N9300 XF, 5Y",מתג,tyvrym-3.xlsx,,,,,,,,,,,,,,
3.14 DCN-ADOPT-BAS - Nexus(DCN) - Virtual adopt session http://cs.co/requestCSS --- 3 0 1 0 80 0 Nexus(DCN) - Virtual adopt session http://cs.co/requestCSS,מתג,tyvrym-3.xlsx,,,,,,,,,,,,,,
"4.0 QSFP-100G-AOC2M= - 100GBASE QSFP Active Optical Cable, 2m --- 17 2433.79 36 292.05 88 10513.8 100GBASE QSFP Active Optical Cable, 2m",כבל,tyvrym-3.xlsx,,,,,,100G,,,AOC,2m,,,,
"5.0 QDD-2Q200-CU3M= - 400G QSFP56-DD to 2x200G QSFP56 Copper Breakout Cable, 3m --- 17 1554.72 18 217.66 86 3917.88 400G QSFP56-DD to 2x200G QSFP56 Copper Breakout Cable, 3m",כבל,tyvrym-3.xlsx,,,,,,,,,Breakout,3m,,,,
"6.0 QDD-400G-SR8-S= - 400G QSFP-DD Transceiver, MPO-16 APC, 100m OM4 MMF --- 17 6218.89 18 870.64 86 15671.52 400G QSFP-DD Transceiver, MPO-16 APC, 100m OM4 MMF",ג'יביק,tyvrym-3.xlsx,,,,,,400G,QSFP,MMF,,,,,,MPO
"7.0 QSFP-200G-SR4-S= - 200GBASE SR4 QSFP56 Transceiver, MPO, 100m over OM4 MMF --- 17 3109.44 36 435.32 86 15671.52 200GBASE SR4 QSFP56 Transceiver, MPO, 100m over OM4 MMF",ג'יביק,tyvrym-3.xlsx,,,,,,200G,QSFP,MMF,,,,,,MPO
Spine/Leaf optics,אחר,tyvrym-3.xlsx,,,,,,,,,,,,,,
"8.0 QDD-400G-DR4-S= - 400G QSFP-DD Transceiver, 400GBASE-DR4,MPO-12,500m parallel --- 17 5182.41 40 725.54 86 29021.6 400G QSFP-DD Transceiver, 400GBASE-DR4,MPO-12,500m parallel",ג'יביק,tyvrym-3.xlsx,,,,,,400G,QSFP,,,,,,,MPO
Spine/Leaf SMF cables,כבל,tyvrym-3.xlsx,,,,,,,,,Fiber,,SMF,,,
"9.0 CB-M12-M12-SMF3M= - CABLE, MPO12-MPO12, TRUNK CABLE, TYPE B, SMF, 3M --- 17 1579.82 20 157.98 90 3159.6 CABLE, MPO12-MPO12, TRUNK CABLE, TYPE B, SMF, 3M",כבל,tyvrym-3.xlsx,,,,,,,,,Fiber,3m,SMF,,,
PowerFlex R660 appliance and custom node - [AMER_POWERFLEX_R660_18156_VP],שרת אחסון,tyvrym-4.xlsx,,,,,,,,,,,,,,
PowerFlex R660 appliance Base,שרת אחסון,tyvrym-4.xlsx,,,,,,,,,,,,,,
Luggage tag - PowerFlex R660 appliance,שרת אחסון,tyvrym-4.xlsx,,,,,,,,,,,,,,
PowerFlex appliance R660 Storage Only IDM,אחר,tyvrym-4.xlsx,,,,,,,,,,,,,,
SDPM Setup,אחר,tyvrym-4.xlsx,,,,,,,,,,,,,,
"Intel Xeon Gold 6426Y 2.5G, 16C/32T, 16GT/s, 37.5M Cache, Turbo, HT (185W) DDR5-4800",ציוד נלווה,tyvrym-4.xlsx,,,,,,,,,,,,,,
"Intel Xeon Gold 6426Y 2.5G, 16C/32T, 16GT/s, 37.5M Cache, Turbo, HT (185W) DDR5-4800",ציוד נלווה,tyvrym-4.xlsx,,,,,,,,,,,,,,
Additional Processor Selected,אחר,tyvrym-4.xlsx,,,,,,,,,,,,,,
Standard Heatsink for 2 CPU configuration (CPU less than or equal to 185W),ציוד נלווה,tyvrym-4.xlsx,,,,,,,,,,,,,,
4 Very High Performance Fans,אחר,tyvrym-4.xlsx,,,,,,,,,,,,,,
5600MT/s RDIMMs,ציוד נלווה,tyvrym-4.xlsx,,,,,,,,,,,,,,
"32GB RDIMM, 5600MT/s, Dual Rank - HCI",ציוד נלווה,tyvrym-4.xlsx,,,,,,,,,,,,,,
"2.5"" Chassis with up to 10 NVMe Drives, SDPM, 2 CPU, No PERC Controller",ציוד נלווה,tyvrym-4.xlsx,,,,,,,,,,,,,,
"C30, No RAID for NVME chassis",אחר,tyvrym-4.xlsx,,,,,,,,,,,,,,
No Controller,ציוד נלווה,tyvrym-4.xlsx,,,,,,,,,,,,,,
Software Defined Persistent Memory (SDPM) with one 7450 m.2 drive (22x80) - HCI,אחר,tyvrym-4.xlsx,,,,,,,,,,,,,,
Medium Granularity (MG),ציוד נלווה,tyvrym-4.xlsx,,,,,,,,,,,,,,
No Hard Drive,ציוד נלווה,tyvrym-4.xlsx,,,,,,,,,,,,,,
15.36TB Enterprise NVMe Read Intensive AG Drive U.2 Gen4 with Carrier - HCI,דיסק,tyvrym-4.xlsx,NVMe,15.36TB,,,,,,,,,,,,
"Riser Config 2, Low Profile 3x16 LP Slots (2xLP Gen5 + 1xLP Gen4)",כרטיסיה,tyvrym-4.xlsx,,,,,,,,,,,,,,
"Nvidia ConnectX-6 Lx Dual Port 10/25GbE SFP28, No Crypto, OCP NIC 3.0",כרטיסיה,tyvrym-4.xlsx,,,,,ETH,25G,,,,,,,,
LOM Blank,כרטיסיה,tyvrym-4.xlsx,,,,,,,,,,,,,,
"Nvidia ConnectX-6 Lx Dual Port 10/25GbE SFP28, No Crypto, PCIe Low Profile",כרטיסיה,tyvrym-4.xlsx,,,,,ETH,25G,,,,,,,,
"Dual, Redundant(1+1),Hot-Plug Power Supply,1400W MM, Titanium",ציוד נלווה,tyvrym-4.xlsx,,,,,,,,,,,,,,
"C13 to C14, PDU Style, 12 AMP, 6.5 Feet (2m) Power Cord, North America",כבל,tyvrym-4.xlsx,,,,,,,,,Power,2m,,,,
Bezel - PowerFlex 1U,ציוד נלווה,tyvrym-4.xlsx,,,,,,,,,,,,,,
Cable Management Arm,כבל,tyvrym-4.xlsx,,,,,,,,,Fiber,,,,,
ReadyRails Sliding Rails (A15),ציוד נלווה,tyvrym-4.xlsx,,,,,,,,,,,,,,
BOSS-N1 controller card +  with 2 M.2 960GB (RAID 1),דיסק,tyvrym-4.xlsx,,960GB,,,,,,,,,,,,
BOSS Cables and Bracket for R660,ציוד נלווה,tyvrym-4.xlsx,,,,,,,,,,,,,,
"iDRAC9, Enterprise 16G",אחר,tyvrym-4.xlsx,,,,,,,,,,,,,,
Secured Component Verification,ציוד נלווה,tyvrym-4.xlsx,,,,,,,,,,,,,,
Trusted Platform Module 2.0 V6,ציוד נלווה,tyvrym-4.xlsx,,,,,,,,,,,,,,
"Dell Networking, Transceiver, 25GbE SFP28 SR, No FEC, MMF, Duplex LC",ג'יביק,tyvrym-4.xlsx,,,,,ETH,25G,SFP28,MMF,,,,,,LC
PowerEdge R660 Shipping,שרת אחסון,tyvrym-4.xlsx,,,,,,,,,,,,,,
Performance BIOS Settings,ציוד נלווה,tyvrym-4.xlsx,,,,,,,,,,,,,,
"No Systems Documentation, No OpenManage DVD Kit",ציוד נלווה,tyvrym-4.xlsx,,,,,,,,,,,,,,
"PowerEdge R660 CE Marking, No CCC Marking",שרת אחסון,tyvrym-4.xlsx,,,,,,,,,,,,,,
UEFI BIOS Boot Mode with GPT Partition,ציוד נלווה,tyvrym-4.xlsx,,,,,,,,,,,,,,
"iDRAC Group Manager, Disabled",ציוד נלווה,tyvrym-4.xlsx,,,,,,,,,,,,,,
Performance Optimized,אחר,tyvrym-4.xlsx,,,,,,,,,,,,,,
Motherboard MLK supports ALL CPUs and is required for CPUs 250W and above,ציוד נלווה,tyvrym-4.xlsx,,,,,,,,,,,,,,
No Operating System,ציוד נלווה,tyvrym-4.xlsx,,,,,,,,,,,,,,
No Quick Sync,ציוד נלווה,tyvrym-4.xlsx,,,,,,,,,,,,,,
iDRAC Legacy Password for OCP cards,אחר,tyvrym-4.xlsx,,,,,,,,,,,,,,
"PowerEdge R660 Shipping Material, 10x2.5"", 8x2.5"" Smart Flow or 16xEDSFF",שרת אחסון,tyvrym-4.xlsx,,,,,,,,,,,,,,
Basic Next Business Day 36 Months,אחר,tyvrym-4.xlsx,,,,,,,,,,,,,,
"ProSupport Plus and 4Hr Mission Critical Initial, 36 Month(s)",רישוי ותמיכה,tyvrym-4.xlsx,,,,,,,,,,,,,,
"ProSupport Plus and 4Hr Mission Critical Extension, 24 Month(s)",רישוי ותמיכה,tyvrym-4.xlsx,,,,,,,,,,,,,,
"Keep Your Component For Enterprise, 60 Month(s)",אחר,tyvrym-4.xlsx,,,,,,,,,,,,,,
"Same Business Day Onsite Diagnosis Service, 60 Month(s)",אחר,tyvrym-4.xlsx,,,,,,,,,,,,,,
Certified Deployment Partner T2,אחר,tyvrym-4.xlsx,,,,,,,,,,,,,,
None Required,אחר,tyvrym-4.xlsx,,,,,,,,,,,,,,
PowerFlex - Solution Type,אחר,tyvrym-4.xlsx,,,,,,,,,,,,,,
PowerFlex Solution ID - appliance,אחר,tyvrym-4.xlsx,,,,,,,,,,,,,,
"ProSupport Plus PowerFlex Sftwr Spt-Maint, 60 Month(s)",רישוי ותמיכה,tyvrym-4.xlsx,,,,,,,,,,,,,,
"PowerFlex, SWaA Base, Standard Subscription",רישוי ותמיכה,tyvrym-4.xlsx,,,,,,,,,,,,,,
"PowerFlex, 1TB, Standard Subscription, 60MO, =CB",רישוי ותמיכה,tyvrym-4.xlsx,,,,,,,,,,,,,,
"ProSupport Plus PowerFlex Standard Sub Sftwr Spt-Maint, 60 Month(s)",רישוי ותמיכה,tyvrym-4.xlsx,,,,,,,,,,,,,,
C2G-10ft Cat6a Snagless Shielded (STP) Network Patch Cable - Gray,כבל,tyvrym-4.xlsx,,,,,,,,,Ethernet Patch,10ft,,,,
C2G-10ft Cat6a Snagless Shielded (STP) Network Patch Cable - Gray,כבל,tyvrym-4.xlsx,,,,,,,,,Ethernet Patch,10ft,,,,
"Dell Networking Cable, OM4 LC/LC  Fiber Cable, (Optics required), 3 Meter, Customer kit",כבל,tyvrym-4.xlsx,,,,,,,,,LC-LC,,OM4/MMF,,,
Dell Networking OM4 LC - LC Fiber Optic Cable (Optics Required) - 3meter,כבל,tyvrym-4.xlsx,,,,,,,,,Fiber,,OM4/MMF,,,
AFF A90 HA System,שרת אחסון,tyvrym-5.xlsx,,,,,,,,,,,,,,
AFF A90 System Serial Attached,אחר,tyvrym-5.xlsx,,,,,,,,,,,,,,
"AFF A90 HA System,-C",שרת אחסון,tyvrym-5.xlsx,,,,,,,,,,,,,,
"SW,ONTAP DSR,IPA,Data at Rest Encrypt Capable",רישוי ותמיכה,tyvrym-5.xlsx,,,,,,,,,,,,,,
"Drive Pack 2X15.3TB,NVMe4,SED,-C",דיסק,tyvrym-5.xlsx,NVMe,15.3TB,2,,,,,,,,,,,
"IO Module,4PT,FC,Target,w/SFP,-C",כרטיסיה,tyvrym-5.xlsx,,,,4 ports,FC,,,,,,,,,
"IO Module,4PT,10/25GbE,-C",כרטיסיה,tyvrym-5.xlsx,,,,4 ports,ETH,25G,,,,,,,,
"IO Module,2PT,100GbE,-C",כרטיסיה,tyvrym-5.xlsx,,,,2 ports,ETH,100G,,,,,,,,
"Cable,Cntlr-Switch OM4,MPO/MPO,5m,-C",כבל,tyvrym-5.xlsx,,,,,,,,,MPO-MPO,5m,OM4/MMF,,,
"Cable,LC-LC,OM4,5m,-C",כבל,tyvrym-5.xlsx,,,,,,,,,LC-LC,5m,OM4/MMF,,,
"QSFP28,100GbE,SR,-C",ג'יביק,tyvrym-5.xlsx,,,,,ETH,100G,QSFP28,MMF,,,,,,
"SFP28,25GbE,SR,-C",ג'יביק,tyvrym-5.xlsx,,,,,ETH,25G,SFP28,MMF,,,,,,
"Rail Kit,4-Post,Rnd/Sq-Hole,Adj,24-32,-C",ציוד נלווה,tyvrym-5.xlsx,,,,,,,,,,,,,,
"Jumper Crd,In-Cab,C13-C14,-C",כבל,tyvrym-5.xlsx,,,,,,,,,Power,,,,,
"BLANK,DSK DRV FILLER,NS224,-C",מדף דיסקים,tyvrym-5.xlsx,,,,,,,,,,,,24 slots,,
"Power Supply,2000W Titanium,-C",ציוד נלווה,tyvrym-5.xlsx,,,,,,,,,,,,,,
"Blanking Panel,IO Module",ציוד נלווה,tyvrym-5.xlsx,,,,,,,,,,,,,,
Platform Personality DNA,רישוי ותמיכה,tyvrym-5.xlsx,,,,,,,,,,,,,,
2-Node Switchless Cluster,אחר,tyvrym-5.xlsx,,,,,,,,,,,,,,
Card for HA and can also include Cluster,אחר,tyvrym-5.xlsx,,,,,,,,,,,,,,
Data at Rest Encryption Capable Operating Sys,רישוי ותמיכה,tyvrym-5.xlsx,,,,,,,,,,,,,,
Multipath configuration,אחר,tyvrym-5.xlsx,,,,,,,,,,,,,,
"SW,ONTAP One Package,Encryption,-C",רישוי ותמיכה,tyvrym-5.xlsx,,,,,,,,,,,,,,
"SW,ONTAP One Package,Per TB,Flash,A90,-C",רישוי ותמיכה,tyvrym-5.xlsx,,,,,,,,,,,,,,
"SW,ONTAP,Per TB,Flash,Capacity,Pricing,A90",רישוי ותמיכה,tyvrym-5.xlsx,,,,,,,,,,,,,,
"SW,OTHER,OO,Per TB,Flash,Cap Pricing,A90",רישוי ותמיכה,tyvrym-5.xlsx,,,,,,,,,,,,,,
Snapmirror Cloud SW,רישוי ותמיכה,tyvrym-5.xlsx,,,,,,,,,,,,,,
S3 SnapMirror SW,רישוי ותמיכה,tyvrym-5.xlsx,,,,,,,,,,,,,,
AFF A30 HA System,שרת אחסון,tyvrym-5.xlsx,,,,,,,,,,,,,,
AFF A30 System Serial Attached,אחר,tyvrym-5.xlsx,,,,,,,,,,,,,,
"AFF A30 HA System,-C",שרת אחסון,tyvrym-5.xlsx,,,,,,,,,,,,,,
"SW,ONTAP DSR,IPA,Data at Rest Encrypt Capable",רישוי ותמיכה,tyvrym-5.xlsx,,,,,,,,,,,,,,
"Drive Pack 2X15.3TB,NVMe4,SED,-C",דיסק,tyvrym-5.xlsx,NVMe,15.3TB,2,,,,,,,,,,,
"IO Module,2PT,100GbE,-C",כרטיסיה,tyvrym-5.xlsx,,,,2 ports,ETH,100G,,,,,,,,
"Cable,100GbE,QSFP28-QSFP28,Cu,2m,-C",כבל,tyvrym-5.xlsx,,,,,,100G,,,QSFP-QSFP,2m,,,,
"Cable,Cntlr-Switch OM4,MPO/MPO,2m,-C",כבל,tyvrym-5.xlsx,,,,,,,,,MPO-MPO,2m,OM4/MMF,,,
"QSFP28,100GbE,SR,-C",ג'יביק,tyvrym-5.xlsx,,,,,ETH,100G,QSFP28,MMF,,,,,,
"Rail,4-Post,Thin,Rnd/Sq-Hole,Sm,Adj,24-32,-C",ציוד נלווה,tyvrym-5.xlsx,,,,,,,,,,,,,,
"Jumper Crd,In-Cab,C13-C14,-C",כבל,tyvrym-5.xlsx,,,,,,,,,Power,,,,,
"Power Supply,1600W,Titanium,-C",ציוד נלווה,tyvrym-5.xlsx,,,,,,,,,,,,,,
"Blanking Panel,IO Module",ציוד נלווה,tyvrym-5.xlsx,,,,,,,,,,,,,,
Platform Personality DNA,רישוי ותמיכה,tyvrym-5.xlsx,,,,,,,,,,,,,,
Card for HA and can also include Cluster,אחר,tyvrym-5.xlsx,,,,,,,,,,,,,,
2-Node Switchless Cluster,אחר,tyvrym-5.xlsx,,,,,,,,,,,,,,
Data at Rest Encryption Capable Operating Sys,רישוי ותמיכה,tyvrym-5.xlsx,,,,,,,,,,,,,,
Multipath configuration,אחר,tyvrym-5.xlsx,,,,,,,,,,,,,,
"SW,ONTAP Base Package,Encryption,-C",רישוי ותמיכה,tyvrym-5.xlsx,,,,,,,,,,,,,,
"SW,ONTAP Base Package,Per TB,Flash,A30,-C",רישוי ותמיכה,tyvrym-5.xlsx,,,,,,,,,,,,,,
"SW,ONTAP,Per TB,Flash,Cap Pricing,A30",רישוי ותמיכה,tyvrym-5.xlsx,,,,,,,,,,,,,,
"SW,OTHER,OB,Per TB,Flash,Cap Pricing,A30",רישוי ותמיכה,tyvrym-5.xlsx,,,,,,,,,,,,,,
FAS90 HA System,שרת אחסון,tyvrym-5.xlsx,,,,,,,,,,,,,,
FAS90 System Serial Attached,אחר,tyvrym-5.xlsx,,,,,,,,,,,,,,
"SW,ONTAP One Package,Encryption,-C",רישוי ותמיכה,tyvrym-5.xlsx,,,,,,,,,,,,,,
"FAS90 HA System,-C",שרת אחסון,tyvrym-5.xlsx,,,,,,,,,,,,,,
"Flash Cache,4.0TB,NVMe SSD Module,Gen4,-C",דיסק,tyvrym-5.xlsx,NVMe,4.0TB,,,,,,,,,,,,
"SW,ONTAP DSR,IPA,Data at Rest Encrypt Capable",רישוי ותמיכה,tyvrym-5.xlsx,,,,,,,,,,,,,,
"Disk Shelf,4U60,12G,Empty,DS460C,-C",מדף דיסקים,tyvrym-5.xlsx,,,,,,,,,,,,60 slots,12G SAS,
"Drive Pack,HDD,12G,10x22TB,DS460C,-C",דיסק,tyvrym-5.xlsx,HDD,22TB,10,,,,,,,,,,,
"SW,ONTAP One Package,Per TB,NLSAS,FAS90,-C",רישוי ותמיכה,tyvrym-5.xlsx,,,,,,,,,,,,,,
"SW,ONTAP,Per TB,NLSAS,Cap Pricing,FAS90",רישוי ותמיכה,tyvrym-5.xlsx,,,,,,,,,,,,,,
"SW,OTHER,OO,Per TB,NLSAS,Cap Pricing,FAS90",רישוי ותמיכה,tyvrym-5.xlsx,,,,,,,,,,,,,,
"IO Module,4-PT miniSAS,-C",כרטיסיה,tyvrym-5.xlsx,,,,4 ports,,,,,,,,,,
"IO Module,2PT,100GbE,-C",כרטיסיה,tyvrym-5.xlsx,,,,2 ports,ETH,100G,,,,,,,,
"IO Module,4PT,10/25GbE,-C",כרטיסיה,tyvrym-5.xlsx,,,,4 ports,ETH,25G,,,,,,,,
"Cable,12Gb,Mini SAS HD,2m,-C",כבל,tyvrym-5.xlsx,,,,,,12G,,,MiniSAS,2m,,,,
"Cable,Cntlr-Switch OM4,MPO/MPO,5m,-C",כבל,tyvrym-5.xlsx,,,,,,,,,MPO-MPO,5m,OM4/MMF,,,
"Cable,LC-LC,OM4,5m,-C",כבל,tyvrym-5.xlsx,,,,,,,,,LC-LC,5m,OM4/MMF,,,
"QSFP28,100GbE,SR,-C",ג'יביק,tyvrym-5.xlsx,,,,,ETH,100G,QSFP28,MMF,,,,,,
"SFP28,25GbE,SR,-C",ג'יביק,tyvrym-5.xlsx,,,,,ETH,25G,SFP28,MMF,,,,,,
"Rail Kit,4-Post,Rnd/Sq-Hole,Adj,24-32,-C",ציוד נלווה,tyvrym-5.xlsx,,,,,,,,,,,,,,
"Jumper Crd,In-Cab,C13-C14,-C",כבל,tyvrym-5.xlsx,,,,,,,,,Power,,,,,
"Power Supply,2000W Titanium,-C",ציוד נלווה,tyvrym-5.xlsx,,,,,,,,,,,,,,
Card for HA and can also include Cluster,אחר,tyvrym-5.xlsx,,,,,,,,,,,,,,
Data at Rest Encryption Capable Operating Sys,רישוי ותמיכה,tyvrym-5.xlsx,,,,,,,,,,,,,,
Multipath configuration,אחר,tyvrym-5.xlsx,,,,,,,,,,,,,,
Storage Stacks Attached Quantity,אחר,tyvrym-5.xlsx,,,,,,,,,,,,,,
2-Node Switchless Cluster,אחר,tyvrym-5.xlsx,,,,,,,,,,,,,,
Snapmirror Cloud SW,רישוי ותמיכה,tyvrym-5.xlsx,,,,,,,,,,,,,,
S3 SnapMirror SW,רישוי ותמיכה,tyvrym-5.xlsx,,,,,,,,,,,,,,
"Disk Shelf,2U24,12G,Empty,AD,-C",מדף דיסקים,tyvrym-5.xlsx,,,,,,,,,,,,24 slots,12G SAS,
"Drive Pack,10K,12G,2x1.2TB,AD,-C",דיסק,tyvrym-5.xlsx,,1.2TB,2,,,,,,,,,,,
"Cable,12Gb,Mini SAS HD,5m,-C",כבל,tyvrym-5.xlsx,,,,,,12G,,,MiniSAS,5m,,,,
"SW,ONTAP Base Pkg,Per-0.1TB,SAS,Add-On,F01,-C",רישוי ותמיכה,tyvrym-5.xlsx,,,,,,,,,,,,,,
"SW,OTHER,OB,Per-0.1TB,SAS,Cap,Add-On,F01",רישוי ותמיכה,tyvrym-5.xlsx,,,,,,,,,,,,,,
"SW,ONTAP,Per-0.1TB,SAS,Cap,Add-On,F01",רישוי ותמיכה,tyvrym-5.xlsx,,,,,,,,,,,,,,
"Jumper Crd,In-Cab,C13-C14,-C",כבל,tyvrym-5.xlsx,,,,,,,,,Power,,,,,
"Rail Kit,4-Post,Rnd/Sq-Hole,Adj,24-32,-C",ציוד נלווה,tyvrym-5.xlsx,,,,,,,,,,,,,,
"Storage Capacity,Per 0.1TB,Increments",רישוי ותמיכה,tyvrym-5.xlsx,,,,,,,,,,,,,,
"BLANK,DSK DRV FILLER,DS224C,-C",מדף דיסקים,tyvrym-5.xlsx,,,,,,,,,,,,24 slots,,
"Disk Shelf,4U60,12G,Empty,AD,-C",מדף דיסקים,tyvrym-5.xlsx,,,,,,,,,,,,60 slots,12G SAS,
"Drive Pack,HDD,12G,10x22TB,DS460C,AD,-C",דיסק,tyvrym-5.xlsx,HDD,22TB,10,,,,,,,,,,,
"Cable,12Gb,Mini SAS HD,5m,-C",כבל,tyvrym-5.xlsx,,,,,,12G,,,MiniSAS,5m,,,,
"SW,ONTAP Base,Per-0.1TB,NLSAS,AddOn,F01,-C",רישוי ותמיכה,tyvrym-5.xlsx,,,,,,,,,,,,,,
"SW,OTHER,OB,Per-0.1TB,NLSAS,Cap,AddOn,F01",רישוי ותמיכה,tyvrym-5.xlsx,,,,,,,,,,,,,,
"SW,ONTAP,Per-0.1TB,NLSAS,Cap,Add-On,F01",רישוי ותמיכה,tyvrym-5.xlsx,,,,,,,,,,,,,,
"Rail Kit,4-Post,Rnd/Sq-Hole,Adj,24-32,-C",ציוד נלווה,tyvrym-5.xlsx,,,,,,,,,,,,,,
"Storage Capacity,Per 0.1TB,Increments",רישוי ותמיכה,tyvrym-5.xlsx,,,,,,,,,,,,,,
"Cluster Switch,N9336C 36Pt PTSX10/25/40/100G",מתג,tyvrym-5.xlsx,,,,36 ports,ETH,10G/100G,,,,,,,,
Cisco Switch Service Contract,מתג,tyvrym-5.xlsx,,,,,,,,,,,,,,
"Entitlement,Cisco Switch NOW Site",מתג,tyvrym-5.xlsx,,,,,,,,,,,,,,
"HW SUPP 9336,X190200/X190210,24X7X4",אחר,tyvrym-5.xlsx,,,,,,,,,,,,,,
"Jumper Crd,In-Cab,C13-C14",כבל,tyvrym-5.xlsx,,,,,,,,,Power,,,,,
"QSFP28,100GbE,SR",ג'יביק,tyvrym-5.xlsx,,,,,ETH,100G,QSFP28,MMF,,,,,,
"Cable,Cntlr-Switch OM4,MPO/MPO,2m",כבל,tyvrym-5.xlsx,,,,,,,,,MPO-MPO,2m,OM4/MMF,,,
"IO Module,2-PT MC IP,40Gb QFSP+",כרטיסיה,tyvrym-5.xlsx,,,,2 ports,,40G,,,,,,,,
"IO Module,2PT,100GbE",כרטיסיה,tyvrym-5.xlsx,,,,2 ports,ETH,100G,,,,,,,,
NIC 2-Pt Bare Cage 40/100GbE QSFP PCIe,כרטיסיה,tyvrym-5.xlsx,,,,2 ports,ETH,100G,,,,,,,,
"Cable,12Gb,Mini SAS HD,1m",כבל,tyvrym-5.xlsx,,,,,,12G,,,MiniSAS,1m,,,,
"Jumper Crd,In-Cab,C13-C14",כבל,tyvrym-5.xlsx,,,,,,,,,Power,,,,,
Subtotal=,אחר,tyvrym-6.xlsx,,,,,,,,,,,,,,
VAST Software and Hardware MLB,אחר,tyvrym-6.xlsx,,,,,,,,,,,,,,
SolutionsPlus: VAST DATA Software and Services,אחר,tyvrym-6.xlsx,,,,,,,,,,,,,,
Other Use Case,אחר,tyvrym-6.xlsx,,,,,,,,,,,,,,
VAST Data software subscription (100TB),רישוי ותמיכה,tyvrym-6.xlsx,,,,,,,,,,,,,,
VAST 1xCPU CORE,אחר,tyvrym-6.xlsx,,,,,,,,,,,,,,
"Co-Pilot: Monitoring,Upgrades,Expansions,System Management",אחר,tyvrym-6.xlsx,,,,,,,,,,,,,,
Installation Services for VAST SW (Supports up to 12 Eboxes),אחר,tyvrym-6.xlsx,,,,,,,,,,,,,,
Cisco Intersight SaaS,אחר,tyvrym-6.xlsx,,,,,,,,,,,,,,
Other Use Case,אחר,tyvrym-6.xlsx,,,,,,,,,,,,,,
Infrastructure Services PVA - Advantage,אחר,tyvrym-6.xlsx,,,,,,,,,,,,,,
Cisco Support Standard for DCM,אחר,tyvrym-6.xlsx,,,,,,,,,,,,,,
UCS Central Per Server - 1 Server License,רישוי ותמיכה,tyvrym-6.xlsx,,,,,,,,,,,,,,
Intersight - Virtual adopt session http://cs.co/requestCSS,אחר,tyvrym-6.xlsx,,,,,,,,,,,,,,
UCS C225 M8 1U Rack Server for VAST EBOX,אחר,tyvrym-6.xlsx,,,,,,,,,,,,,,
UCS HW 8X5XNBDOS UCS C225 M8 1U Rack Server for VAST with,אחר,tyvrym-6.xlsx,,,,,,,,,,,,,,
Deployment mode for C Series Servers in Standalone mode,אחר,tyvrym-6.xlsx,,,,,,,,,,,,,,
AMD 9454P 2.75GHz 290W 48C/256MB Cache DDR5 4800MT/s,אחר,tyvrym-6.xlsx,,,,,,,,,,,,,,
32GB DDR5-5600 RDIMM 1Rx4 (16Gb),ציוד נלווה,tyvrym-6.xlsx,,,,,,,,,,,,,,
C225 M8 1U Riser 1C PCIe Gen5 x16 FH,אחר,tyvrym-6.xlsx,,,,,,,,,,,,,,
C225 M81U Riser 3C PCIe Gen5 x16 FH,אחר,tyvrym-6.xlsx,,,,,,,,,,,,,,
Intel X710T2LOCPV3G1L 2x10GbE RJ45 OCP3.0 NIC,כרטיסיה,tyvrym-6.xlsx,,,,,ETH,10G,,,,,,,,
"MCX755106AS-HEAT:CX-7 2x200GbE QSFP112 PCIe Gen5x16, VPI NIC",כרטיסיה,tyvrym-6.xlsx,,,,,ETH,200G,,,,,,,,
"MCX755106AS-HEAT:CX-7 2x200GbE QSFP112 PCIe Gen5x16, VPI NIC",כרטיסיה,tyvrym-6.xlsx,,,,,ETH,200G,,,,,,,,
960GB M.2 SATA Micron G2 SSD,דיסק,tyvrym-6.xlsx,SSD,960GB,,,,,,,,,,,,
Cisco Boot optimized M.2 Raid controller,אחר,tyvrym-6.xlsx,,,,,,,,,,,,,,
1200w AC Titanium Power Supply for C-series Rack Servers,ציוד נלווה,tyvrym-6.xlsx,,,,,,,,,,,,,,
"Power cord, C13 to C14 (recessed receptacle), 10A",כבל,tyvrym-6.xlsx,,,,,,,,,Power,,,,,
IMC SW (Recommended) latest release for C-Series Servers.,אחר,tyvrym-6.xlsx,,,,,,,,,,,,,,
Ball Bearing Rail Kit for C220 & C240 M7/M8 rack servers,ציוד נלווה,tyvrym-6.xlsx,,,,,,,,,,,,,,
TPM 2.0 FIPS 140-2 MSW2022 compliant AMD M8 servers,אחר,tyvrym-6.xlsx,,,,,,,,,,,,,,
UCS C225 M8 Heatsink,ציוד נלווה,tyvrym-6.xlsx,,,,,,,,,,,,,,
C2XX OCP 3.0 Interposer W/Mech Assy,אחר,tyvrym-6.xlsx,,,,,,,,,,,,,,
30.7TB 2.5in U.2 15mm Micron6550 HgPerf EcoEnd G4/5 <1X NVMe,אחר,tyvrym-6.xlsx,,,,,,,,,,,,,,
1.92TB 2.5in U.3 15mm Micron XTR Hg Perf Ext End 60X NVMe,אחר,tyvrym-6.xlsx,,,,,,,,,,,,,,
PowerMax 8500 - AMER VI,אחר,tyvrym-7.xlsx,,,,,,,,,,,,,,
PowerMax 8500 Upgrade,אחר,tyvrym-7.xlsx,,,,,,,,,,,,,,
Multi mode Optics Kit 64G,ג'יביק,tyvrym-7.xlsx,,,,,,64G,,MMF,,,,,,
PowerMax NX 8 Port FCHL Ficon 64G UPG,כרטיסיה,tyvrym-7.xlsx,,,,8 ports,FC,,,,,,,,,
PowerMax 2/8K DATA REDUCTION RESERVATION,אחר,tyvrym-7.xlsx,,,,,,,,,,,,,,
Palmetto Tracking Model,אחר,tyvrym-7.xlsx,,,,,,,,,,,,,,
HEAVY CHASSIS AIR FREIGHT READY,אחר,tyvrym-7.xlsx,,,,,,,,,,,,,,
PowerMax 8500 Ethernet Cable Kit 2,כבל,tyvrym-7.xlsx,,,,,,,,,Fiber,,,,,
PowerMax 8500 Ethernet Cable Kit 42,כבל,tyvrym-7.xlsx,,,,,,,,,Fiber,,,,,
Parts Only Warranty 36 Months,רישוי ותמיכה,tyvrym-7.xlsx,,,,,,,,,,,,,,
"ProSupport Plus and 4Hr Mission Critical Extension, 24 Month(s)",רישוי ותמיכה,tyvrym-7.xlsx,,,,,,,,,,,,,,
"ProSupport Plus and 4Hr Mission Critical Initial, 36 Month(s)",רישוי ותמיכה,tyvrym-7.xlsx,,,,,,,,,,,,,,
No Field Deployment,אחר,tyvrym-7.xlsx,,,,,,,,,,,,,,
"Keep Your Component For Enterprise, 60 Month(s)",אחר,tyvrym-7.xlsx,,,,,,,,,,,,,,
"Same Business Day Onsite Diagnosis Service, 60 Month(s)",אחר,tyvrym-7.xlsx,,,,,,,,,,,,,,
"Heavy device requires lift-assist cart for onsite service; otherwise, delays or extra fees may apply",אחר,tyvrym-7.xlsx,,,,,,,,,,,,,,
PowerMax 8500 Nodepair - AMER VI,שרת אחסון,tyvrym-7.xlsx,,,,,,,,,,,,,,
PowerMax 8500 1536G ADDU nodepair,שרת אחסון,tyvrym-7.xlsx,,,,,,,,,,,,,,
PowerMax 8500 Offload Engine Assy P3,שרת אחסון,tyvrym-7.xlsx,,,,,,,,,,,,,,
PowerMax V4 ROW CM ATP,אחר,tyvrym-7.xlsx,,,,,,,,,,,,,,
PowerMax NX 64GB MEMORY DIMM,אחר,tyvrym-7.xlsx,,,,,,,,,,,,,,
PowerMax 8500 1800W-HLPS,אחר,tyvrym-7.xlsx,,,,,,,,,,,,,,
PowerMax 8500 ENG3 3PU Install Kit,אחר,tyvrym-7.xlsx,,,,,,,,,,,,,,
Parts Only Warranty 36 Months,רישוי ותמיכה,tyvrym-7.xlsx,,,,,,,,,,,,,,
"ProSupport Plus and 4Hr Mission Critical Extension, 24 Month(s)",רישוי ותמיכה,tyvrym-7.xlsx,,,,,,,,,,,,,,
"ProSupport Plus and 4Hr Mission Critical Initial, 36 Month(s)",רישוי ותמיכה,tyvrym-7.xlsx,,,,,,,,,,,,,,
PowerMax 8500 - AMER VI,אחר,tyvrym-7.xlsx,,,,,,,,,,,,,,
PowerMax 8500 Upgrade,אחר,tyvrym-7.xlsx,,,,,,,,,,,,,,
PMAX V4 15.36TB UPG SED NON-FIPS,דיסק,tyvrym-7.xlsx,,15.36TB,,,,,,,,,,,,
PowerMax 8500 CAPACITY UPG,דיסק,tyvrym-7.xlsx,,,,,,,,,,,,,,
PowerMax 2/8K DATA REDUCTION RESERVATION,אחר,tyvrym-7.xlsx,,,,,,,,,,,,,,
Palmetto Tracking Model,אחר,tyvrym-7.xlsx,,,,,,,,,,,,,,
FORNAX CHASSIS FRU,אחר,tyvrym-7.xlsx,,,,,,,,,,,,,,
PowerMax 8500 Ethernet Cable Kit 14,כבל,tyvrym-7.xlsx,,,,,,,,,Fiber,,,,,
PowerMax 8500 Ethernet Cable Kit 50,כבל,tyvrym-7.xlsx,,,,,,,,,Fiber,,,,,
Parts Only Warranty 36 Months,רישוי ותמיכה,tyvrym-7.xlsx,,,,,,,,,,,,,,
"ProSupport Plus and 4Hr Mission Critical Extension, 24 Month(s)",רישוי ותמיכה,tyvrym-7.xlsx,,,,,,,,,,,,,,
"ProSupport Plus and 4Hr Mission Critical Initial, 36 Month(s)",רישוי ותמיכה,tyvrym-7.xlsx,,,,,,,,,,,,,,
No Field Deployment,אחר,tyvrym-7.xlsx,,,,,,,,,,,,,,
"Keep Your Component For Enterprise, 60 Month(s)",אחר,tyvrym-7.xlsx,,,,,,,,,,,,,,
"Same Business Day Onsite Diagnosis Service, 60 Month(s)",אחר,tyvrym-7.xlsx,,,,,,,,,,,,,,
"Heavy device requires lift-assist cart for onsite service; otherwise, delays or extra fees may apply",אחר,tyvrym-7.xlsx,,,,,,,,,,,,,,
PowerMax NX SW Upgrade,אחר,tyvrym-7.xlsx,,,,,,,,,,,,,,
PowerMax NX Inclusive SW Open Upg 1TB=CC,אחר,tyvrym-7.xlsx,,,,,,,,,,,,,,
"ProSupport Plus Mission Critical PowerMax NX Sftwr Spt-Maint, 60 Month(s)",רישוי ותמיכה,tyvrym-7.xlsx,,,,,,,,,,,,,,
PowerMax NX DAE - AMER VI,מדף דיסקים,tyvrym-7.xlsx,,,,,,,,,,,,,,
PowerMax 8500 48 SLT DME FIELD UPG,מדף דיסקים,tyvrym-7.xlsx,,,,,,,,,,,,48 slots,,
PowerMax 8500 DME3 3PU Install Kit,מדף דיסקים,tyvrym-7.xlsx,,,,,,,,,,,,48 slots,,
Parts Only Warranty 36 Months,רישוי ותמיכה,tyvrym-7.xlsx,,,,,,,,,,,,,,
"ProSupport Plus and 4Hr Mission Critical Extension, 24 Month(s)",רישוי ותמיכה,tyvrym-7.xlsx,,,,,,,,,,,,,,
"ProSupport Plus and 4Hr Mission Critical Initial, 36 Month(s)",רישוי ותמיכה,tyvrym-7.xlsx,,,,,,,,,,,,,,
"Keep Your Component For Enterprise, 60 Month(s)",אחר,tyvrym-7.xlsx,,,,,,,,,,,,,,
"Same Business Day Onsite Diagnosis Service, 60 Month(s)",אחר,tyvrym-7.xlsx,,,,,,,,,,,,,,
2x100GbE,כרטיסיה,tyvrym-7.xlsx,,,,2,ETH,100G,,,,,,,,
2x25GbE,כרטיסיה,tyvrym-7.xlsx,,,,2,ETH,25G,,,,,,,,
4x32GbE,כרטיסיה,tyvrym-7.xlsx,,,,4,FC,32G,,,,,,,,
Cable,כבל,tyvrym-7.xlsx,,,,,,,,,Fiber,,,,,
W//O Optics,כרטיסיה,tyvrym-7.xlsx,,,,,,,,,,,,,
DS224C,מדף דיסקים,tyvrym-7.xlsx,,,,,,,,,,,,,
DS460C,מדף דיסקים,tyvrym-7.xlsx,,,,,,,,,,,,,
NS224,מדף דיסקים,tyvrym-7.xlsx,,,,,,,,,,,,,
AFF,שרת אחסון,tyvrym-7.xlsx,,,,,,,,,,,,,
FAS,שרת אחסון,tyvrym-7.xlsx,,,,,,,,,,,,,
DME,מדף דיסקים,tyvrym-7.xlsx,,,,,,,,,,,,,
IO Module,כרטיסיה,tyvrym-7.xlsx,,,,,,,,,,,,,,
Dual Port,כרטיסיה,tyvrym-7.xlsx,,,,,,,,,,,,,,
Quad Port,כרטיסיה,tyvrym-7.xlsx,,,,,,,,,,,,,,
SSD,דיסק,tyvrym-7.xlsx,,,,,,,,,,,,,,
NVMe,דיסק,tyvrym-7.xlsx,,,,,,,,,,,,,,
HDD,דיסק,tyvrym-7.xlsx,,,,,,,,,,,,,,
9710,מתג,tyvrym-7.xlsx,,,,,,,,,,,,,,
9718,מתג,tyvrym-7.xlsx,,,,,,,,,,,,,,
9148,מתג,tyvrym-7.xlsx,,,,,,,,,,,,,,